{
  "rank": 0,
  "current_epoch": 50,
  "current_iteration": 300,
  "total_epochs": 50,
  "total_iterations": 6,
  "epoch": 50,
  "start_ts": 1747474025,
  "total_time": "0:19:54",
  "best_metric": 0.745013952255249,
  "train": {
    "metrics": {
      "train_dice": 0.6429282426834106,
      "tibia_dice": 0.5966677069664001,
      "femur_dice": 0.6891887784004211
    },
    "key_metric_name": "train_dice",
    "best_metric": 0.7531311511993408,
    "best_metric_epoch": 38
  },
  "eval": {
    "metrics": {
      "val_mean_dice": 0.5450649261474609,
      "tibia_dice": 0.5936222076416016,
      "femur_dice": 0.49650758504867554
    },
    "key_metric_name": "val_mean_dice",
    "best_metric": 0.745013952255249,
    "best_metric_epoch": 6
  }
}