{
  "rank": 0,
  "current_epoch": 50,
  "current_iteration": 200,
  "total_epochs": 50,
  "total_iterations": 4,
  "epoch": 50,
  "start_ts": 1747472303,
  "total_time": "0:06:12",
  "best_metric": 0.7975304126739502,
  "train": {
    "metrics": {
      "train_dice": 0.6780871748924255,
      "tibia_dice": 0.673974871635437,
      "femur_dice": 0.6821994781494141
    },
    "key_metric_name": "train_dice",
    "best_metric": 0.774571418762207,
    "best_metric_epoch": 47
  },
  "eval": {
    "metrics": {
      "val_mean_dice": 0.44289278984069824,
      "tibia_dice": 0.4434290826320648,
      "femur_dice": 0.44235652685165405
    },
    "key_metric_name": "val_mean_dice",
    "best_metric": 0.7975304126739502,
    "best_metric_epoch": 39
  }
}